player,rating,time_control
Viaan2019,842,classical
Magnus5carelson,867,classical
fish1800,1880,classical
khanglikechess,990,classical
crazzymad777,1534,classical
alex11star,1881,classical
LevSinger,2093,classical
TryToWins,1650,classical
Danny0628,1721,classical
SpicyCloud,2252,classical
ChileanWizard,2277,classical
Goingvegan,1727,classical
balihai,1481,classical
threehorsetown9,1474,classical
vedrovod,1634,classical
gatochorizo,1668,classical
Fserio,1067,classical
Princyprincy,1151,classical
Semyon1936,1447,classical
adasay,1399,classical
eliasr_98,1678,classical
Chozno,1823,classical
Stevarinoo,1732,classical
AdrianZhang5,1724,classical
bfe,1584,classical
Arundelseven,1584,classical
erjendraa,1543,classical
karimreda95,1524,classical
Israfilofr,1796,classical
jhotz,1817,classical
SchizoidForJesus,1831,classical
idontknoww8,1485,classical
princesschess_jissel,1385,classical
kent-75,1320,classical
Mateo113,1642,classical
Iceman412,1564,classical
Artathebest,1500,classical
Borlance,1364,classical
snaprr,1500,classical
sseh-c,2002,classical
RavenEngine,2241,classical
Pat9471,2564,classical
SleepMindEngine,2405,classical
vladislav-c,1754,classical
Chessdad1979,1714,classical
BrunoDemarchi,1295,classical
BordsKael,1767,classical
jumalo,1758,classical
legoltasaurio,1397,classical
Patthias,1603,classical
amit191980,1500,classical
Siddchaklader,1243,classical
tsnswamy,1536,classical
intanpr,1567,classical
jjgems101,1161,classical
Sctella,1224,classical
Adityasheoran,1423,classical
KrasnerTarrasch,2054,classical
fsha,1960,classical
Nitya2468,1500,classical
Mikadogamer,1480,classical
wiskani,1410,classical
ReginaldRamos,2140,classical
HomeroDostoyevski,2232,classical
Oscar0314,1412,classical
FO-59,1465,classical
Aser_ayman,1355,classical
somethingwitty92912,1875,classical
Batman_2568,1837,classical
CaliforniaCastle,1556,classical
Robotelias,1526,classical
JoMaSV,1648,classical
Kinninigan,1636,classical
suryanshm,1321,classical
AlanRiverside,1308,classical
Targi,1768,classical
knightkeeper526,1650,classical
kokololo2025,1309,classical
eddieshalom,1321,classical
Themodelthebar,1314,classical
MVPA,1364,classical
turochamp-1ply,1420,classical
johnnyloureiro,1832,classical
vlnguyen92,1839,classical
Mega-Meister-Eder,1517,classical
DejanSyd,1524,classical
doddeshgh,1660,classical
SAXMAN1,1622,classical
yptr,1235,classical
ToddBombadill,1129,classical
Drummer57,1513,classical
SteveGerasi,1488,classical
Ninja_Penguin10,1729,classical
Knighthound,1295,classical
Action-Jackson32,1263,classical
RUSchessSTUDENT,1423,classical
DON_kathirvel,1167,classical
MSmiley,1896,classical
Andryuhan,1806,classical
aribi57,1666,classical
tryagainorelse2,1484,classical
ezefisher,1500,classical
JosephK1975,1649,classical
Brazooca,1531,classical
Rahulnsk,1894,classical
Benjamin_3943,1966,classical
PAGI2234,1500,classical
Aguerrero_bravo,1584,classical
HellTocap,1624,classical
KingOfThePenguins,1649,classical
Rafaelkenitiichikawa,1661,classical
shaarav08,1609,classical
dogphteven,863,classical
OldSim,1363,classical
Infjspx,1284,classical
booklibh,1837,classical
WasaPelagic,1212,classical
AydinY,1414,classical
shinekhuu_o,1500,classical
Udval5,1072,classical
Lito567,1602,classical
Litocesar,1653,classical
Sesemowinsagain717,1681,classical
Almadora100theGreat,1944,classical
acampos1,1885,classical
CALBH,1649,classical
clarksenn,1611,classical
Robertomolcas,1687,classical
Zuranov,1694,classical
Bronco_8,1498,classical
tica1946,1809,classical
Maclaisa,2088,classical
Yu1210,1295,classical
cedric74,1308,classical
Licht94,2825,classical
Potro3,1698,classical
Passtime731,1626,classical
Dante108,937,classical
bebliba,1949,classical
fernando0812,1953,classical
Abraham1933,1674,classical
supcikj,1740,classical
SebasChess14,1933,classical
hazkel124000,1804,classical
FabioCamurca,1581,classical
tghhjghjkhjk78_6GFFD,1339,classical
eldesaparecidoe,1254,classical
se23,1542,classical
Maged1975,1582,classical
dayvre,1347,classical
BMH123,1725,classical
vohiro,1246,classical
Premover19,1911,classical
thome6,1821,classical
Aydorman,2063,classical
EduardoPE78,1939,classical
Hemilce,1659,classical
eltlacuache6882,1171,classical
Rachelrenee47,1288,classical
prototip007,1707,classical
Lindsey52,1429,classical
Dustin4023,1601,classical
Boosted_Maia_1500,1662,classical
Dens368,1798,classical
sburreus09,1775,classical
bicycle_brian,891,classical
DJBABYBAKCHOI,1237,classical
NathanMagpantay,1211,classical
ConSinov48,1280,classical
jared_leleto,1318,classical
lkmnaktas,1745,classical
Tom852,1492,classical
checkmate_buddy,800,classical
tiogoncho,1664,classical
KrimsonChin,1158,classical
your_Daddyyyy,1660,classical
Pooterchess,1172,classical
old_sailor,1167,classical
badasswarrior1990,1794,classical
DenisAdrianov,1526,classical
cavelarb,1460,classical
Dhaninsasikumar,1502,classical
Hobo_Jones,1729,classical
Leocharbonneau,1727,classical
magic4u1,1174,classical
ranzalone,1272,classical
maxjedi,1869,classical
MG_VizMc,1736,classical
JAMAICA5515,1500,classical
ashoksheopuri,1572,classical
Rogger303,1366,classical
taguechocolat,1377,classical
Mayarrayan,1202,classical
Samarth_Rook,1171,classical
MustafaTunga,1496,classical
BERNARDO1950,1509,classical
Daniwild,1512,classical
Omulb,1483,classical
FutureBot,1559,classical
James-Bond01,1482,classical
Danielmanzur,1472,classical
breadcrumbs9992,1248,classical
austinyguo,1172,classical
cungnv,1861,classical
HK_WK24,1942,classical
Alexitoo13,1617,classical
LandonTohme,1200,classical
gehini,1044,classical
IWantToBeACoder,1528,classical
DanielMhula,1805,classical
namu_hobi,1441,classical
Andy2017Y,1499,classical
chsonr,1082,classical
SORElLOSER00,1155,classical
LIANLAMEC_SOUBAC,983,classical
Nasirmekka,1295,classical
freiheitfuerdiedame,1330,classical
john370,1336,classical
Rudolf_23,1673,classical
Khalidalahmad,1695,classical
Emancipat0r,1517,classical
karim1232,1442,classical
Cris2016,2311,classical
DENIS_TURNOV,1872,classical
Ntinos_25,1764,classical
AndrejDNR,1837,classical
darshan_1,1833,classical
fabiobmac,1495,classical
ian_8593,1615,classical
gilladog,1756,classical
mchessky,1649,classical
Yetep10,1633,classical
Ashikim,1573,classical
ecodad,1904,classical
GregorioGarcia,1998,classical
MakarenkoAV,1576,classical
FerDav,1075,classical
valeriabrito09,1250,classical
LabPenguin19,1500,classical
edonate1951,1716,classical
club14_dd,1773,classical
mimixdumpling,1500,classical
Ericmeleric,1101,classical
Duchampp,1849,classical
X-T-C,1961,classical
Balaprabhamurugan,1560,classical
Madhavkpatel,1892,classical
YugRPatel,1113,classical
edible25,1541,classical
h1349,1695,classical
hesam1355,1741,classical
Nakshatra_2016,1602,classical
Redowl71,1274,classical
Kashta032021,1181,classical
Zetetic911,1640,classical
leechou,782,classical
Mihail2020,1924,classical
hesblath,1630,classical
Grandpathesniper,1544,classical
Arman57,1731,classical
Zak_real,1500,classical
QXK_2DAY,1576,classical
dfhgjkhgt,1632,classical
padmini123,1623,classical
o96iq,1687,classical
lrb1982,1718,classical
minino002,1605,classical
Aa-Known2,2242,classical
Vlxdi7,1796,classical
Acerb8,1610,classical
arco33artur,1366,classical
RoboRaven,1254,classical
DanyBoy7418,1317,classical
karthi11,1639,classical
pawn9i,1597,classical
kishorekumar2011,1575,classical
shatrangj,1082,classical
HorseyTightlips,1489,classical
KKeya1217,1469,classical
wycoff,1187,classical
Gambit2876,1096,classical
slvrdoc,1517,classical
Vladimir_Rudolfovich,1685,classical
Batilovick,1823,classical
YorkshireBadger,1780,classical
taotau,1801,classical
other_training,1744,classical
Enani05,1990,classical
jeffblueheeler,1200,classical
titas_1972,1635,classical
neoNVoid,1646,classical
KawaiiKame0,1530,classical
Eric_a_123,1310,classical
silvanassuarez,1632,classical
V0ldemort,1098,classical
badma2009,1147,classical
D4_Kira,1742,classical
Janav_22,1730,classical
NahuelRene,1732,classical
flash619ca,1729,classical
Narducc,1442,classical
Nirmalm1,1886,classical
CristianBonilla,1200,classical
ecdn1978,1419,classical
alexkoj,1779,classical
kyriakos1301,1786,classical
goldenfox1961,1637,classical
qamarmubashir,1611,classical
cosmic_glitch,1906,classical
Pipok007,1811,classical
mcpowerhouse,1536,classical
tmwoo,1500,classical
rmt186300,1553,classical
suhaas4814w,1594,classical
deskgr87,1287,classical
KenConaryPoetracahya,1500,classical
vijayl,1844,classical
HerzogVonPitzbuehl,1356,classical
sahana16,1242,classical
SpiffyApe,1500,classical
Docbi2013,1300,classical
mntrejos,1500,classical
DrLegolas,1500,classical
steven-jimenez,1500,classical
ramramcr,1500,classical
Fish_free,1745,classical
Ferdy100,1839,classical
SamuelIcaza,1592,classical
amrovic,2034,classical
sevilen2022,1888,classical
kev420w,1500,classical
Mahiru_chan,1617,classical
JLLD123,1450,classical
Elias016,1413,classical
m7606319e,1400,classical
Ediaraujo,1384,classical
Asadel_N2014,2412,classical
Sidik_sancoko,1887,classical
deazar,1500,classical
Inghector,1703,classical
sonicthebigblu,1441,classical
ygyf,1426,classical
leberkeks,1680,classical
artemterskikh,1720,classical
epablog,1599,classical
cytnes,1330,classical
ditokornvosta,1360,classical
Krithikaram1,1464,classical
GregnLA,1530,classical
gamerblaze7639,1535,classical
talofengland,1776,classical
Susanna2019,1500,classical
Juneruu,1601,classical
JoshuaDonseng,1500,classical
Sarapulov,1348,classical
shakthichess,1385,classical
georgeorosz,1636,classical
qweioprty,1620,classical
cogh8,1638,classical
Mo_tefa,1896,classical
CristianoRonaldo_58,1796,classical
HectorCisneros46,1287,classical
jodie7,1353,classical
TheTamer,1332,classical
NaveedAhmed,2025,classical
Fredrickrohan,1357,classical
deepmike1955,1177,classical
piesnbeers,1488,classical
RanulyaWK,1159,classical
xX_TheMagentaRay_Xx,1146,classical
eliecerf,1903,classical
laozhang,1959,classical
pakulai,1515,classical
nicolaskin,1323,classical
Naanoo_Naa,1892,classical
Fyxiao51,1922,classical
Chessclown321,1928,classical
elip4r,1879,classical
ericamaaemferrer,1151,classical
Aaravtoshniwal29,1050,classical
kalimeroooo,1967,classical
V-Guptachess,1100,classical
Vmt_dee,1727,classical
aarna_shah250915,1496,classical
jhonduquehoy,1459,classical
XB_Alekcei-73,1622,classical
mblade123,1387,classical
knight_span,1950,classical
REDCAT29,1858,classical
Rickbear85,1578,classical
DirectCamel,1551,classical
mihirs1234,1536,classical
Keshavrao,1371,classical
MakoteR,1594,classical
Sobol2011,1770,classical
sartarionchik,1378,classical
A1ien,2026,classical
amedvedev50,1443,classical
DarkKnight0202,2007,classical
A5ofi_y_Samu,1715,classical
B85134,1165,classical
Eckat0100,1579,classical
Saty23,1611,classical
Buzzaka,1382,classical
R37urn_Z3r0,1702,classical
swamp_trash,1628,classical
mgoulaer,1222,classical
Fearless_King7,1227,classical
Crisorestes,1416,classical
xXx_Roma_xXx,1348,classical
TheNell,1714,classical
Colapinto,1699,classical
Pr0fessorX,1797,classical
RomanSPb1969,1465,classical
waradmiral,1519,classical
marrob,1584,classical
vedadmofrad,1806,classical
LiminalSpaces,1827,classical
NOELSANO1984,1142,classical
prasannashankar2015,1784,classical
victorgabino,2134,classical
The_Catalanisator,2061,classical
ShiroMori88,1122,classical
NitinPudasaini,1616,classical
davrn1,1723,classical
ho1531az,1700,classical
vinospov,1332,classical
gmmono,1941,classical
jdidiah,1339,classical
VagantesTM,1500,classical
Eltshan,1414,classical
Alex5282,1756,classical
Maddi74,1614,classical
NLinivenko,1492,classical
Gledson06,1474,classical
oldgreymare,1404,classical
Con4caballos,1764,classical
soy_un_martillo,1808,classical
ElvisGT,1516,classical
Nigma322,1261,classical
Micky9,1625,classical
Jcuriel10,1500,classical
halcon2016yag,1186,classical
messitetracampeon,1889,classical
Zilhotti,1513,classical
itenerant57,1575,classical
coolchesscat1,1683,classical
ronisubagyo,1779,classical
juninhohair,1645,classical
Blackchess1,1592,classical
Boydcarts,1415,classical
JaydenK2013,1964,classical
Top_Ramana,2021,classical
Alton123,1500,classical
Sultani7,1500,classical
olarsh,1817,classical
ironface_06,1500,classical
andresduran67,1890,classical
gauthamkoduri,1095,classical
Chesskid1234df,722,classical
Rocky09061950,963,classical
ethanc1235992,891,classical
momo-lover,1370,classical
Minh98,1500,classical
TheBifurcator2,1552,classical
luban07,1877,classical
JoaoBrasil,1793,classical
Titanusius,1177,classical
ingenuity9,1297,classical
petriz,929,classical
trgjjrrc,1598,classical
aleksandr050260,1613,classical
tenacious_alex,1575,classical
smilinbob,1503,classical
maagjj,1642,classical
akshaya001,1482,classical
antman724,1306,classical
fred1961-fs,1236,classical
Rp970,1742,classical
Ulixes44,1510,classical
enpassant985,1490,classical
EmmanTwT,1506,classical
quszka,1979,classical
jacques34,1985,classical
srinivas_lokoju,1807,classical
ForeverTrash,1096,classical
thuhanh1203,1048,classical
cwr4356,1358,classical
Stephb88,1441,classical
NertoFurity,1964,classical
PowerfulPatzer,1915,classical
guille3783,1358,classical
gradevalbacen,1354,classical
Narara14,1371,classical
ChocolateThunder24,1323,classical
HOANGXUANTHIENPHUCBT,898,classical
AndrewBourne001,1977,classical
cjsailer,1797,classical
Naveen0408,1649,classical
lvew,1590,classical
spursup55,1163,classical
Tonypecoraro,1237,classical
coldplay14498,1632,classical
misael_mfa,1300,classical
Rstehman,1667,classical
Lyags,1178,classical
salvatore3,1512,classical
roman_arch,1500,classical
kings_gambit_15,2008,classical
julioponciano54,1916,classical
tamarama1972,1660,classical
arandomnub,1623,classical
Jhefferson2004,1949,classical
shyamchess1508,1457,classical
JDR2025,1372,classical
SIVA0511,1500,classical
CastleProcrastinator,1645,classical
weeniecat,996,classical
jayden7738,1439,classical
FernandoMedina65,1749,classical
Miguelsosa,1778,classical
VICTORKORSHUN,1812,classical
atharv0707,1705,classical
so_crates_83,1390,classical
zixi03,1721,classical
ALCINAS,1671,classical
Frolovkhv,1744,classical
alfredrot,1448,classical
Traw187,1103,classical
gavran55,2026,classical
Helsinki07,1500,classical
toyopan,1641,classical
Unjustpilotx,1500,classical
PapaGi,1779,classical
sravikumarj,1727,classical
vvjn1418,1279,classical
walfon,1787,classical
thokozani,1802,classical
dbonney10,1097,classical
Raikin,1774,classical
Yanu69,1723,classical
Gari180,1892,classical
AbdallahTaghian,1737,classical
scotch3333,1792,classical
Vidyuta,1348,classical
BecksChess07,1278,classical
Ashteacher,1421,classical
MarwarBishop,1522,classical
ezekielvillostubo,1557,classical
KlausFischer_67,1798,classical
Lubimkabek,1988,classical
Camelo01,1938,classical
dwtsn343,1131,classical
by13647,1600,classical
IoncebeatanIM,1959,classical
Wallter139,1831,classical
chessaholic516,1611,classical
Rey_en_el_centro,1469,classical
Robert1962,1490,classical
JP3000,1380,classical
CHESS_IDK_YU,1161,classical
BBR972,1381,classical
PavanthRpt,1787,classical
supermario21a,1780,classical
VISHVERSH,1330,classical
Back2025,1974,classical
YayJaquemate,1971,classical
nefitzpatrick,900,classical
Bulabula233,1177,classical
licssss,1500,classical
AlisaUshakova,1500,classical
renemanuel,1426,classical
Alwaysbeechecking,1853,classical
kunel04,1793,classical
Murrymurrymurry,1751,classical
Takesees,2214,classical
Rusel777,1650,classical
Raul922,1787,classical
Muh-Saihu,1893,classical
splunge4me,1573,classical
tkbnhp,1513,classical
terro987,1666,classical
Sri_87,969,classical
twoanyway,1003,classical
ChessGuy1085,1370,classical
StoneFly02,1236,classical
andisthat,717,classical
KhiladiShatranjKa,2005,classical
xsaadhusam97x,1500,classical
dan83,1691,classical
regornaej,1439,classical
LuchoTorre,1243,classical
Dobleelle,1085,classical
kasicak777,1814,classical
Easternhammer,1448,classical
ElFlackvillalba,1510,classical
dimastiymmm,1706,classical
fun07,1437,classical
Imortal1964,1961,classical
Tremeoc,1552,classical
nirbhaygaude,1525,classical
PointlessPractice,1478,classical
Soramiriam,1686,classical
eastlynne,1750,classical
nicolassierra1989,1622,classical
AcadiaH,1457,classical
SCVReady,1641,classical
RicardoL0pez,1611,classical
divyahariom,1767,classical
dccruz,1900,classical
torrenegra66,1856,classical
Eyaldrn,1425,classical
igotthisone,1500,classical
paul2303,1834,classical
Dogwoodfish,2048,classical
tuccau1803,2151,classical
harivaishu,1619,classical
Sanskriti007,1974,classical
Hardik2015Kate,2023,classical
rodburton,1248,classical
teachmechess123456,1368,classical
Rey9R,1384,classical
anubabbu,1901,classical
Santranch2,1050,classical
Barretto-EFC,1600,classical
Leandropx,1774,classical
Camelot101,1573,classical
guptayugal,1292,classical
Saketvk18,1500,classical
cris0109,1341,classical
Nc-Yoyok,1713,classical
ANDREWYOONG,1365,classical
LOUISYOONG8,1373,classical
Nikolayzoro,1868,classical
lIONEL_2013,1929,classical
treborognat,1185,classical
hanshi30,1475,classical
juancho200,1516,classical
Subheader,1346,classical
thierryjeanmarc,1407,classical
Ali-HZ,1500,classical
sptprototype,1587,classical
Perruchon,2052,classical
Eliel0707,959,classical
et646324,1012,classical
indianajones27,1735,classical
Void_Ptr71,1757,classical
vstanciu83,1681,classical
GEALBUDO,1550,classical
rosham82,1534,classical
telly_mate,1892,classical
Santo4312,1195,classical
danpicos,1522,classical
rjfryda,1837,classical
Drawzdown2100,1731,classical
cats6dogs,1236,classical
Antonhi,1272,classical
bave_soho,1310,classical
jeeva2013,1332,classical
genesis10D,1480,classical
Pokerkinggun,1752,classical
Ernest-ruiz,1848,classical
den3297,2000,classical
NguyenChinhTrung,2089,classical
nbergen,1696,classical
Aleks040460,1614,classical
Soc2019,1250,classical
Square-1,2239,classical
ChrisNapsV,1558,classical
sripranaav,1017,classical
cheqqmated,1563,classical
kinight4hire,1582,classical
samad-7,1424,classical
ganesh0207,1206,classical
balzinima06,1122,classical
Peace_out,1383,classical
fortun1ks,1375,classical
PumpkinTime41,1312,classical
Dersy,1366,classical
archemist,1474,classical
CHESSNO001,2197,classical
fralexyarov,2024,classical
jpw12313,834,classical
Defprince,1405,classical
Hototo,1532,classical
GANESH_061989,1677,classical
WB52,1662,classical
crsto88,1788,classical
chackota,1839,classical
taukita_1991,1177,classical
dinooppeter50,1619,classical
Dissector,1516,classical
ADove208,1557,classical
juan321123,1971,classical
spaSSky_001,1936,classical
gjgjgjgjgjf,1500,classical
imanremisabree,989,classical
daniawf,1398,classical
Kondiedo,1904,classical
Dasqin,1868,classical
soenan,1509,classical
LinnQIN,1378,classical
ThasiruLK,1762,classical
SHY_2016,1189,classical
Bliksemeridov,1786,classical
MayankVajpai_Huddard,1306,classical
mossbear,1259,classical
KyleNi,1621,classical
sumanchessss,1675,classical
kenybigfoot,1541,classical
Geauxtigers,1544,classical
overthephil,1916,classical
Peekolop,1201,classical
Sohamnasa,1744,classical
fcr2024,1847,classical
hjjanger,1241,classical
Kaiser_1234,1225,classical
Shaurya_TheWarrior,1798,classical
Feedcan,1642,classical
TahtadakiSEYTAN,1648,classical
traveler163,1393,classical
Davidbar,1473,classical
Polo-chan,1451,classical
ObsidianEcho,1030,classical
arjun2018TG,1022,classical
chuliang,1254,classical
PatBHabsFan,1380,classical
IzatVides,1310,classical
yanaaa444,1059,classical
AKgameing,1172,classical
Stoliza,1672,classical
Rahma_Ahmedd,1500,classical
taytayboy,1919,classical
DN70_Mimo,1318,classical
Gasparyan14,1708,classical
Manishvishw,1884,classical
Tigran1776,1341,classical
oCKEniCr,1500,classical
OzHack,1621,classical
KingHenry1990,1323,classical
Adonis720,1209,classical
mounir3524231,1530,classical
khfsljgda,2252,classical
Epsilon_Eridanii,1500,classical
nayomeeee,1565,classical
DeniseDy,1208,classical
domesdoeg,1601,classical
ivanmpcl,1573,classical
NandkumarSuru,1808,classical
KKGhosh,1256,classical
Kalyanb123456,1132,classical
SuyashKh,1893,classical
chibuleo,1924,classical
Kirill_Korneev,1796,classical
Rufinovich,1331,classical
danoble,1067,classical
iniyA13,1181,classical
sriman83,1575,classical
jobeast,1803,classical
Thar_Chuis,1724,classical
viddavidda,1652,classical
fgraillot,1226,classical
praveen-1111-222-333,1463,classical
StoneColdChess,2232,classical
Monmohona,1442,classical
swine_wifu,1244,classical
Devaans2016,1500,classical
German2003,1450,classical
Darya_Chess,1737,classical
Potzneusiedler,1880,classical
MarcusTCicero,1523,classical
Labrighadha,1500,classical
MIHMKM,1690,classical
KiwiPawn,1817,classical
colekoepl,818,classical
francess10,705,classical
haider24856,1814,classical
RajvardhanJ,1861,classical
profersormadness,1898,classical
TEUM1984,2103,classical
onix_03,1048,classical
Abhee2016,1259,classical
arjun108a,1103,classical
kimjon,1473,classical
boounce,1716,classical
phalanana15,1341,classical
Trabant4eto,1500,classical
Nihesh123,1592,classical
AndrewERP007,1559,classical
Sayantan_Ghati,1498,classical
cephei99,1297,classical
owkwk,2225,classical
larssen-2,1634,classical
abdu-53,1736,classical
Essey87,1408,classical
Voskhodov_Matvey,1914,classical
DHAIRYA2018,1252,classical
Eriic24700,1335,classical
StanLi_nissimo,1825,classical
CarlosVictorio,1743,classical
mk_Ashraf_11,1756,classical
IGROK_27RUS,1550,classical
JeffreyT83,1497,classical
Ablaikunjol,1348,classical
Aketauka,1564,classical
massmayor2,1500,classical
nikhil237,1841,classical
jpierre34200,1657,classical
misha7878,1861,classical
EfrainSalvador,1746,classical
brawnytowels,1357,classical
EmiMartinez01,1418,classical
Loveea,1583,classical
Daiwiktips,1482,classical
StuartHowieson67,1822,classical
Manuel_Tito,1899,classical
chermgkim,1876,classical
smarty_ankit_007,1500,classical
korkor65,1812,classical
drenner,1527,classical
cbpio,1584,classical
pentagonalize,1500,classical
hammatime,1500,classical
KepServer,1500,classical
mk_sinpro,1500,classical
SterlingPower,1896,classical
NorsValley,1545,classical
Bhanu6666,1745,classical
InadequateRobot,1332,classical
angelgol,1473,classical
Elgrlngos93,1106,classical
Robot160,2034,classical
sbOaRDRo,1500,classical
luckylemonlime,1347,classical
knightshift65,1642,classical
Chhatrip,1891,classical
linze_mx,1679,classical
Rodriguez303,1500,classical
Night-King11,1611,classical
GELAAX,1500,classical
nn2025,1372,classical
Silverknight159,1263,classical
ProydohaGniloust,1758,classical
RahulDasSaxena,1353,classical
MagnusNakamura7,1500,classical
Redindra,1652,classical
Aarushmore17,1517,classical
monicamodista,1335,classical
MikeTremendous,1646,classical
blackholeuniverse,1674,classical
ricominciare,1793,classical
mnmx_pyt,1888,classical
MacGiollaFhionntan,1049,classical
jp48,1463,classical
krai02,1405,classical
SamritM,1537,classical
dhia_sehli1,1500,classical
Krushnakharade,1433,classical
cottoncandy_chess123,1954,classical
Anjana0811,1950,classical
slavusyan,1502,classical
Emam_Mohamed,1514,classical
odlaumor,2168,classical
kingdomofmuasal11,1691,classical
Abu-Talha,1608,classical
ShowyCalmingDeer,745,classical
Kanaad6,1196,classical
shivrajvbhosale,1598,classical
EbMaj713,1585,classical
Megajoules,1497,classical
seo406,1268,classical
Andry_Raz,1257,classical
gustav2025,1870,classical
ovanest,1795,classical
bebetommy,1066,classical
JordanMJ1996,1557,classical
goldmedals,2178,classical
therealmaxengler,1511,classical
Qwert987,1481,classical
MazurkaBFlat,2265,classical
lsakumar,1774,classical
AdiKathu,1455,classical
real_aditya,1468,classical
jennnnie,1064,classical
bhagda,1027,classical
Roque175,1821,classical
JaniNeth,2075,classical
HaiMinh11,1915,classical
jonatan_lopes,1434,classical
Dragone1955,1951,classical
alersong,1877,classical
Usanin_Aleksandr,1941,classical
RebeccaPrymova,1745,classical
saboteamos,1870,classical
noob_ass_player123,923,classical
Pepin-3-lebref,1481,classical
mann189,1392,classical
ivan_navy,1443,classical
mariosanjua,1630,classical
Zeiaoddin2000,1335,classical
Dadsbutrfly,1940,classical
ANAND-INDIA,1855,classical
kingpadoph,1663,classical
klykov777,1503,classical
PedroLopez5144,1529,classical
Jaskarankhalra,1748,classical
kesergecer,1734,classical
RowanST,1500,classical
Kariukee,1231,classical
AbhijitGupta,1759,classical
